CustomerID,PhoneNumber,FullName_AR,FullName_EN,ZoneID,FirstOrderDate,Gender
1,01133214688,روان النجار,Rawan El-Naggar,2,2025-05-16,F
2,01156327295,عصام نصر,Essam Nasr,2,2025-06-25,M
3,01504806358,ناصر الحسيني,Nasser El-Husseini,2,2025-06-15,M
4,01052327928,سيد مرسي,Sayed Morsi,13,2024-02-07,M
5,01561612490,أحمد الشرقاوي,Ahmed El-Sharqawi,7,2024-05-19,M
6,01174862570,أميرة عبدالرحمن,Amira Abdelrahman,2,2024-06-03,F
7,01024226238,هبة البدوي,Heba El-Badawi,6,2025-05-26,F
8,01221840905,ماهر منصور,Maher Mansour,4,2025-02-12,M
9,01558120567,لارا درويش,Lara Darwish,5,2024-08-19,F
10,01136471764,ياسمين الحسيني,Yasmine El-Husseini,1,2024-10-27,F
11,01146469246,إسراء الليثي,Israa El-Leithy,14,2025-03-26,F
12,01150543246,فادي البنا,Fadi El-Banna,16,2024-08-24,M
13,01018830842,عبير الجوهري,Abeer El-Gohary,9,2025-03-30,F
14,01588994301,ماهر عوض,Maher Awad,20,2024-03-18,M
15,01258994316,خالد عوض,Khaled Awad,7,2024-06-25,M
16,01127668254,ولاء البنا,Walaa El-Banna,4,2025-04-19,F
17,01521837801,رانيا الدسوقي,Rania El-Desouky,6,2025-05-20,F
18,01209564229,شريف الشافعي,Sherif El-Shafei,28,2025-02-10,M
19,01184270633,خالد البنا,Khaled El-Banna,2,2024-06-24,M
20,01083825811,ريم صالح,Reem Saleh,15,2024-05-20,F
21,01086253999,لؤي الغزالي,Louay El-Ghazali,3,2024-02-24,M
22,01221278036,سلمى النجار,Salma El-Naggar,28,2024-04-09,F
23,01022754590,إيهاب العقاد,Ihab El-Aqqad,11,2024-01-21,M
24,01048441761,نهى فاروق,Noha Farouk,1,2024-06-16,F
25,01064938204,زينب الحسيني,Zeinab El-Husseini,16,2025-03-05,F
26,01503342916,حسن بركات,Hassan Barakat,1,2024-01-30,M
27,01204296200,هاني العطار,Hani El-Attar,9,2025-04-01,M
28,01156279158,علي حماد,Ali Hammad,3,2025-05-11,M
29,01122732428,كريم حجازي,Karim Hegazy,13,2025-05-31,M
30,01166881345,عبدالرحمن إبراهيم,Abdelrahman Ibrahim,17,2024-12-08,M
31,01006053042,أميرة البدوي,Amira El-Badawi,5,2024-09-18,F
32,01235125624,إيهاب بركات,Ihab Barakat,10,2024-07-21,M
33,01232916055,مريم سليمان,Mariam Suleiman,26,2024-09-07,F
34,01023359410,يوسف سليمان,Youssef Suleiman,8,2025-03-22,M
35,01586845514,زياد قاسم,Ziad Qasem,10,2024-03-06,M
36,01291449933,عبدالله حمدان,Abdullah Hamdan,8,2025-03-31,M
37,01061047765,سيد عبدالله,Sayed Abdullah,9,2024-08-28,M
38,01119477591,رامي الجوهري,Rami El-Gohary,14,2024-02-18,M
39,01169900153,هاني عوض,Hani Awad,4,2024-04-19,M
40,01124261426,ياسر زكريا,Yasser Zakaria,7,2024-04-08,M
41,01242410914,وائل بركات,Wael Barakat,9,2024-05-11,M
42,01184748427,يسرا الدسوقي,Yosra El-Desouky,5,2024-07-13,F
43,01195981386,أمل فاروق,Amal Farouk,18,2024-01-01,F
44,01006167110,لارا حماد,Lara Hammad,4,2024-03-31,F
45,01024428319,نادر النجار,Nader El-Naggar,2,2024-01-26,M
46,01280747895,نادر الجوهري,Nader El-Gohary,4,2024-05-13,M
47,01138967295,أيمن عمران,Ayman Omran,10,2025-06-14,M
48,01222601858,فاطمة سليمان,Fatma Suleiman,5,2025-01-06,F
49,01084056320,بشير البنا,Bashir El-Banna,3,2024-04-04,M
50,01559641352,لارا حجازي,Lara Hegazy,1,2024-04-10,F
51,01293919446,زياد درويش,Ziad Darwish,26,2024-05-18,M
52,01223688244,رامي سليمان,Rami Suleiman,8,2025-01-28,M
53,01537174380,تامر سليمان,Tamer Suleiman,2,2024-03-12,M
54,01280103073,وفاء فاروق,Wafaa Farouk,12,2025-04-14,F
55,01093262287,نور حداد,Nour Haddad,5,2024-01-22,F
56,01039657249,نادر عبدالرحمن,Nader Abdelrahman,6,2024-06-02,M
57,01283642847,شريف فودة,Sherif Fouda,22,2025-02-02,M
58,01270820432,سوسن السعيد,Sawsan El-Saeed,27,2024-01-19,F
59,01245656245,مدحت السيد,Medhat El-Sayed,18,2024-01-07,M
60,01547525929,بشير مرسي,Bashir Morsi,1,2025-02-12,M
61,01065685531,سعيد حداد,Saeed Haddad,2,2024-09-10,M
62,01535120017,نهى إبراهيم,Noha Ibrahim,7,2024-09-25,F
63,01028696542,زينب غانم,Zeinab Ghanem,12,2024-05-26,F
64,01177727879,نجلاء صالح,Naglaa Saleh,11,2025-04-02,F
65,01073157066,ياسمين الدسوقي,Yasmine El-Desouky,26,2024-11-17,F
66,01086801293,حسين فاروق,Hussein Farouk,2,2024-08-13,M
67,01003033933,فاطمة حلمي,Fatma Helmy,9,2024-01-07,F
68,01555553407,سعيد عبدالله,Saeed Abdullah,2,2024-02-12,M
69,01252754770,جمال زكريا,Gamal Zakaria,8,2024-09-18,M
70,01065025559,شريف البدوي,Sherif El-Badawi,6,2024-10-03,M
71,01193481171,سوسن درويش,Sawsan Darwish,19,2024-07-26,F
72,01233028486,تامر درويش,Tamer Darwish,3,2024-01-08,M
73,01547229002,أسماء النجار,Asmaa El-Naggar,1,2024-12-28,F
74,01145943530,إيمان عبدالرحمن,Iman Abdelrahman,5,2025-03-17,F
75,01109357652,سيد الغزالي,Sayed El-Ghazali,35,2024-08-26,M
76,01546373480,ياسر غانم,Yasser Ghanem,15,2024-12-14,M
77,01020346011,شيماء البدوي,Shaimaa El-Badawi,3,2024-09-11,F
78,01010455276,طارق الصباع,Tarek El-Sabbagh,11,2025-03-14,M
79,01551524490,ناصر النجار,Nasser El-Naggar,12,2024-07-24,M
80,01239714863,ثروت عمران,Tharwat Omran,2,2024-06-16,M
81,01122619413,هبة العطار,Heba El-Attar,4,2025-06-13,F
82,01594948728,فتحي العقاد,Fathy El-Aqqad,17,2025-04-20,M
83,01021129382,إسراء إبراهيم,Israa Ibrahim,10,2025-03-05,F
84,01525901938,فاطمة زكريا,Fatma Zakaria,16,2025-01-04,F
85,01297255334,سامي الدسوقي,Sami El-Desouky,5,2025-06-03,M
86,01174472394,ناصر فودة,Nasser Fouda,16,2025-06-18,M
87,01206298481,ريم سليمان,Reem Suleiman,3,2025-06-09,F
88,01120817196,لؤي صالح,Louay Saleh,5,2025-06-01,M
89,01509179995,إنجي بركات,Engy Barakat,5,2024-11-27,F
90,01134933970,أحمد منصور,Ahmed Mansour,6,2025-01-26,M
91,01139116286,سوسن عبدالرحمن,Sawsan Abdelrahman,14,2024-05-30,F
92,01211157238,إيهاب حجازي,Ihab Hegazy,29,2024-03-11,M
93,01273859699,نادية غانم,Nadia Ghanem,6,2024-06-23,F
94,01167745651,منى السيد,Mona El-Sayed,12,2024-02-17,F
95,01076803179,مجدي بركات,Magdy Barakat,24,2025-02-24,M
96,01113862235,فاطمة النجار,Fatma El-Naggar,7,2024-12-31,F
97,01503686205,عمرو فودة,Amr Fouda,10,2024-07-18,M
98,01174759620,ميار منصور,Mayar Mansour,2,2025-06-09,F
99,01270072246,مدحت الحسيني,Medhat El-Husseini,6,2024-07-16,M
100,01503917823,نجلاء الدسوقي,Naglaa El-Desouky,3,2025-05-01,F
101,01079920826,هبة الدسوقي,Heba El-Desouky,5,2024-08-19,F
102,01044573679,منى القاضي,Mona El-Qady,24,2024-11-13,F
103,01053250026,مدحت قاسم,Medhat Qasem,9,2024-12-16,M
104,01115929210,روان صالح,Rawan Saleh,10,2025-02-14,F
105,01221304181,أيمن زكريا,Ayman Zakaria,12,2025-03-23,M
106,01073225158,نادر غانم,Nader Ghanem,5,2025-03-16,M
107,01525894719,إبراهيم حماد,Ibrahim Hammad,1,2024-02-10,M
108,01583967237,عبدالله حلمي,Abdullah Helmy,11,2024-11-12,M
109,01056434412,هبة الشافعي,Heba El-Shafei,11,2024-03-13,F
110,01123623090,نجلاء البنا,Naglaa El-Banna,15,2024-01-04,F
111,01545383639,فاطمة حجازي,Fatma Hegazy,5,2024-08-27,F
112,01011990623,شريف عبدالرحمن,Sherif Abdelrahman,10,2024-03-30,M
113,01524637467,تامر العقاد,Tamer El-Aqqad,18,2024-09-24,M
114,01178253986,دعاء السعيد,Doaa El-Saeed,24,2024-09-27,F
115,01245342414,سمر زكريا,Samar Zakaria,1,2025-03-14,F
116,01526179730,منير منصور,Monir Mansour,1,2025-05-20,M
117,01057839434,عمر البدوي,Omar El-Badawi,14,2024-12-05,M
118,01072383028,هبة البدوي,Heba El-Badawi,10,2025-06-03,F
119,01220554113,تامر القاضي,Tamer El-Qady,10,2024-10-27,M
120,01264819615,أميرة الحسيني,Amira El-Husseini,12,2025-05-26,F
121,01167516277,تامر فاروق,Tamer Farouk,7,2025-04-06,M
122,01541192742,أميرة حماد,Amira Hammad,19,2025-03-30,F
123,01200190066,هبة الشافعي,Heba El-Shafei,21,2024-11-30,F
124,01171673207,هبة الليثي,Heba El-Leithy,1,2024-09-23,F
125,01520691533,يوسف عبدالرحمن,Youssef Abdelrahman,12,2025-06-07,M
126,01200525907,إنجي منصور,Engy Mansour,9,2024-07-04,F
127,01064217635,ياسمين منصور,Yasmine Mansour,22,2024-01-28,F
128,01500981895,نادر إبراهيم,Nader Ibrahim,12,2024-01-11,M
129,01242511264,سامي صالح,Sami Saleh,31,2024-07-21,M
130,01028264506,دعاء غانم,Doaa Ghanem,10,2024-06-25,F
131,01112468689,لارا درويش,Lara Darwish,14,2024-09-06,F
132,01043396997,لارا الشافعي,Lara El-Shafei,29,2025-03-05,F
133,01230120850,ثروت بركات,Tharwat Barakat,6,2024-07-30,M
134,01530261375,نيرة النجار,Naira El-Naggar,5,2025-03-18,F
135,01122047419,أمل عوض,Amal Awad,5,2024-09-25,F
136,01531738721,بشير إبراهيم,Bashir Ibrahim,5,2025-03-26,M
137,01257112550,فادي حداد,Fadi Haddad,16,2025-04-02,M
138,01176614812,غادة عوض,Ghada Awad,2,2024-05-24,F
139,01205128330,أسماء نصر,Asmaa Nasr,1,2025-05-06,F
140,01593441013,نهى حجازي,Noha Hegazy,17,2025-04-02,F
141,01504506734,فاطمة درويش,Fatma Darwish,7,2024-01-16,F
142,01562367156,نادر صالح,Nader Saleh,14,2025-03-24,M
143,01272020953,لؤي حلمي,Louay Helmy,7,2024-11-15,M
144,01004249471,تامر عبدالله,Tamer Abdullah,8,2024-11-02,M
145,01020572130,جمال الليثي,Gamal El-Leithy,9,2025-06-13,M
146,01001558234,عمرو حمدان,Amr Hamdan,14,2024-04-08,M
147,01038082150,داليا فودة,Dalia Fouda,13,2024-04-05,F
148,01056071410,فاطمة الليثي,Fatma El-Leithy,8,2025-05-12,F
149,01128048327,عبدالله حلمي,Abdullah Helmy,33,2025-04-27,M
150,01283356631,طارق فودة,Tarek Fouda,1,2025-01-14,M
151,01285499023,شريف العطار,Sherif El-Attar,1,2024-07-18,M
152,01036748547,نادية عمران,Nadia Omran,22,2025-03-02,F
153,01293349607,هناء البنا,Hanaa El-Banna,5,2025-03-27,F
154,01168378456,هاني الدسوقي,Hani El-Desouky,26,2024-09-19,M
155,01186879827,منى النجار,Mona El-Naggar,24,2024-06-26,F
156,01069687897,لمياء البدوي,Lamia El-Badawi,2,2024-06-28,F
157,01154530326,رنا حماد,Rana Hammad,5,2024-12-21,F
158,01191166542,داليا فودة,Dalia Fouda,1,2024-12-04,F
159,01230428795,خالد حمدان,Khaled Hamdan,3,2024-05-01,M
160,01116612171,رانيا عمران,Rania Omran,3,2025-06-17,F
161,01565631278,سمر زكريا,Samar Zakaria,10,2024-04-25,F
162,01154724387,ثروت السعيد,Tharwat El-Saeed,8,2024-11-22,M
163,01061261376,وائل إبراهيم,Wael Ibrahim,14,2024-09-21,M
164,01512218932,بشير حداد,Bashir Haddad,5,2024-11-06,M
165,01257272924,مريم الدسوقي,Mariam El-Desouky,10,2024-03-30,F
166,01137488483,هناء البدوي,Hanaa El-Badawi,12,2025-02-27,F
167,01083000173,مجدي النجار,Magdy El-Naggar,7,2025-04-02,M
168,01017998447,يوسف الغزالي,Youssef El-Ghazali,18,2024-12-07,M
169,01574000846,وفاء عبدالله,Wafaa Abdullah,10,2024-04-01,F
170,01130891368,إنجي الليثي,Engy El-Leithy,2,2024-12-02,F
171,01020215199,عبير الدسوقي,Abeer El-Desouky,7,2025-01-18,F
172,01170642122,عبير بركات,Abeer Barakat,24,2024-01-21,F
173,01046713118,مريم الليثي,Mariam El-Leithy,7,2025-01-02,F
174,01085542629,تامر النجار,Tamer El-Naggar,12,2024-05-20,M
175,01161054340,وفاء عبدالرحمن,Wafaa Abdelrahman,4,2025-04-15,F
176,01101299807,دينا حجازي,Dina Hegazy,29,2024-03-14,F
177,01060962430,زياد فودة,Ziad Fouda,2,2024-01-08,M
178,01077635372,شروق فاروق,Shorouk Farouk,1,2024-02-27,F
179,01293148692,نادر العطار,Nader El-Attar,12,2024-08-05,M
180,01178700192,هبة عبدالرحمن,Heba Abdelrahman,5,2025-04-07,F
181,01220289792,رامي نصر,Rami Nasr,17,2024-07-24,M
182,01094204685,نادية رزق,Nadia Rizk,14,2025-01-26,F
183,01593157673,منير فاروق,Monir Farouk,1,2025-04-22,M
184,01289236783,عبدالله إبراهيم,Abdullah Ibrahim,1,2024-02-28,M
185,01012686081,وائل عمران,Wael Omran,24,2024-12-07,M
186,01261958058,مدحت الغزالي,Medhat El-Ghazali,12,2024-11-18,M
187,01508329951,لمياء الصباع,Lamia El-Sabbagh,1,2025-01-30,F
188,01520547600,خالد الليثي,Khaled El-Leithy,28,2024-11-14,M
189,01252108843,عبدالرحمن الغزالي,Abdelrahman El-Ghazali,29,2024-09-27,M
190,01139895997,نهى الدسوقي,Noha El-Desouky,9,2024-12-02,F
191,01561080073,ناصر النجار,Nasser El-Naggar,14,2025-02-16,M
192,01043225356,سارة بركات,Sara Barakat,7,2024-10-27,F
193,01585407766,ميار إبراهيم,Mayar Ibrahim,14,2024-06-24,F
194,01206965564,فادي حمدان,Fadi Hamdan,16,2025-04-08,M
195,01001330966,غادة صالح,Ghada Saleh,28,2025-05-14,F
196,01252877320,روان مرسي,Rawan Morsi,11,2025-02-21,F
197,01093889446,حسن السعيد,Hassan El-Saeed,11,2024-01-13,M
198,01176393565,أيمن فودة,Ayman Fouda,2,2025-06-26,M
199,01196441158,طارق حجازي,Tarek Hegazy,2,2024-10-14,M
200,01592869138,عصام الجوهري,Essam El-Gohary,31,2025-06-16,M
201,01077703506,نادية زكريا,Nadia Zakaria,10,2025-03-29,F
202,01598432121,بشير البنا,Bashir El-Banna,2,2024-01-03,M
203,01151198284,يسرا الجوهري,Yosra El-Gohary,33,2024-05-28,F
204,01271640827,مدحت زكريا,Medhat Zakaria,14,2024-11-03,M
205,01514427508,رامي الشافعي,Rami El-Shafei,22,2025-01-28,M
206,01034531451,عمر فودة,Omar Fouda,5,2024-03-16,M
207,01564188395,رانيا الشرقاوي,Rania El-Sharqawi,11,2024-06-23,F
208,01256831955,روان فودة,Rawan Fouda,11,2024-02-16,F
209,01190520406,عصام غانم,Essam Ghanem,21,2025-03-24,M
210,01267855627,تامر غانم,Tamer Ghanem,2,2024-02-22,M
211,01149501333,منير العقاد,Monir El-Aqqad,1,2025-05-28,M
212,01534964573,داليا صالح,Dalia Saleh,10,2025-02-17,F
213,01027650434,مدحت قاسم,Medhat Qasem,15,2024-08-24,M
214,01500133668,فاطمة حداد,Fatma Haddad,16,2025-03-16,F
215,01506077028,زينب عبدالله,Zeinab Abdullah,35,2024-02-21,F
216,01036633942,نجلاء إبراهيم,Naglaa Ibrahim,1,2024-11-01,F
217,01175498141,كريم منصور,Karim Mansour,7,2025-06-07,M
218,01104683314,طارق الصباع,Tarek El-Sabbagh,2,2025-06-17,M
219,01043459189,رنا البدوي,Rana El-Badawi,32,2024-01-09,F
220,01050776549,أسماء عوض,Asmaa Awad,18,2024-04-24,F
221,01286457117,فتحي فودة,Fathy Fouda,19,2024-07-05,M
222,01281283146,منير الشرقاوي,Monir El-Sharqawi,15,2025-05-10,M
223,01526273922,شروق عبدالرحمن,Shorouk Abdelrahman,9,2024-09-25,F
224,01036981983,مجدي حمدان,Magdy Hamdan,6,2024-05-30,M
225,01225442978,علي عبدالرحمن,Ali Abdelrahman,5,2025-01-22,M
226,01574190316,يسرا حداد,Yosra Haddad,1,2024-11-29,F
227,01515131244,هند عبدالله,Hind Abdullah,12,2025-01-12,F
228,01285595735,غادة عبدالله,Ghada Abdullah,11,2024-10-16,F
229,01273607597,سوسن الغزالي,Sawsan El-Ghazali,4,2024-09-13,F
230,01093370865,رانيا الدسوقي,Rania El-Desouky,32,2025-06-18,F
231,01214622720,شروق فاروق,Shorouk Farouk,10,2024-01-11,F
232,01057887647,هبة منصور,Heba Mansour,27,2024-08-08,F
233,01060164897,شروق مرسي,Shorouk Morsi,12,2024-07-10,F
234,01203045326,نور درويش,Nour Darwish,4,2024-01-04,F
235,01138442425,هند منصور,Hind Mansour,21,2024-06-02,F
236,01264408192,علي السعيد,Ali El-Saeed,7,2025-06-26,M
237,01182374085,عمر حداد,Omar Haddad,6,2024-09-17,M
238,01153304508,عصام درويش,Essam Darwish,32,2025-06-03,M
239,01244395192,مجدي مرسي,Magdy Morsi,17,2025-04-18,M
240,01178285620,دعاء الدسوقي,Doaa El-Desouky,11,2024-08-13,F
241,01191797972,سوسن زكريا,Sawsan Zakaria,33,2024-01-21,F
242,01522925443,لؤي الجوهري,Louay El-Gohary,25,2024-06-02,M
243,01248286001,سوسن عمران,Sawsan Omran,25,2025-02-25,F
244,01142399727,فاطمة الحسيني,Fatma El-Husseini,2,2025-02-20,F
245,01513157800,عبير الجوهري,Abeer El-Gohary,11,2024-04-15,F
246,01133017111,لارا عبدالرحمن,Lara Abdelrahman,1,2024-03-16,F
247,01215344893,عصام صالح,Essam Saleh,6,2025-02-16,M
248,01122159588,سارة الشافعي,Sara El-Shafei,7,2024-08-18,F
249,01506420470,ريم النجار,Reem El-Naggar,12,2024-07-09,F
250,01080894570,سوسن الجوهري,Sawsan El-Gohary,1,2025-05-25,F
251,01161272941,هند الدسوقي,Hind El-Desouky,1,2024-05-20,F
252,01531054013,جمال الليثي,Gamal El-Leithy,21,2024-10-24,M
253,01272871642,زينب صالح,Zeinab Saleh,3,2024-01-19,F
254,01585363472,أسماء سليمان,Asmaa Suleiman,3,2024-02-27,F
255,01161230225,سامي مرسي,Sami Morsi,3,2025-05-29,M
256,01171988458,منى حلمي,Mona Helmy,30,2024-09-01,F
257,01038444672,عبير العطار,Abeer El-Attar,7,2025-02-15,F
258,01530623426,رانيا نصر,Rania Nasr,16,2024-08-19,F
259,01079927772,وائل زكريا,Wael Zakaria,35,2024-04-22,M
260,01539787845,رامي العطار,Rami El-Attar,6,2025-02-26,M
261,01524511467,ماهر بركات,Maher Barakat,8,2024-02-13,M
262,01130795623,شيماء حسين,Shaimaa Hussein,16,2024-09-05,F
263,01175150245,تامر سليمان,Tamer Suleiman,6,2025-03-28,M
264,01061859567,وفاء رزق,Wafaa Rizk,3,2024-07-15,F
265,01248747575,منير قاسم,Monir Qasem,35,2024-11-22,M
266,01137642399,هاني درويش,Hani Darwish,21,2025-02-18,M
267,01051413971,نهى الشافعي,Noha El-Shafei,9,2024-08-22,F
268,01161161597,خالد القاضي,Khaled El-Qady,10,2024-03-29,M
269,01202043476,حسين درويش,Hussein Darwish,9,2024-03-09,M
270,01177352494,سلمى حماد,Salma Hammad,5,2024-08-27,F
271,01049044357,لارا الشرقاوي,Lara El-Sharqawi,5,2025-06-26,F
272,01116583402,حسين الحسيني,Hussein El-Husseini,4,2025-02-27,M
273,01124248835,فتحي البنا,Fathy El-Banna,5,2024-07-26,M
274,01586141663,أسماء مرسي,Asmaa Morsi,32,2024-11-19,F
275,01053154437,كريم درويش,Karim Darwish,33,2025-01-14,M
276,01172043949,أمل فودة,Amal Fouda,12,2024-07-25,F
277,01141886460,إبراهيم القاضي,Ibrahim El-Qady,8,2025-04-09,M
278,01514323159,نور عبدالله,Nour Abdullah,9,2025-01-14,F
279,01222213145,هاني بركات,Hani Barakat,3,2024-12-14,M
280,01242012634,غادة منصور,Ghada Mansour,2,2024-12-24,F
281,01250326401,رنا صالح,Rana Saleh,4,2024-05-11,F
282,01128538538,دعاء الشافعي,Doaa El-Shafei,12,2024-03-07,F
283,01548937255,بشير غانم,Bashir Ghanem,10,2024-11-30,M
284,01267800427,نور عوض,Nour Awad,5,2024-10-22,F
285,01035573858,هاني البنا,Hani El-Banna,3,2024-04-05,M
286,01128679729,نجلاء سليمان,Naglaa Suleiman,34,2024-06-22,F
287,01293034887,سيد حمدان,Sayed Hamdan,9,2024-11-07,M
288,01509959307,هبة العقاد,Heba El-Aqqad,8,2024-08-01,F
289,01056862212,عصام الليثي,Essam El-Leithy,19,2024-10-15,M
290,01521261682,وائل نصر,Wael Nasr,1,2024-04-26,M
291,01292296596,نهى حلمي,Noha Helmy,5,2025-06-26,F
292,01205954835,سوسن الصباع,Sawsan El-Sabbagh,10,2024-07-18,F
293,01550558618,عبير منصور,Abeer Mansour,28,2024-07-31,F
294,01253074756,أيمن حماد,Ayman Hammad,10,2025-02-19,M
295,01040426942,يسرا الليثي,Yosra El-Leithy,19,2024-06-05,F
296,01161758791,روان درويش,Rawan Darwish,2,2024-08-04,F
297,01583072540,عبير بركات,Abeer Barakat,11,2024-08-15,F
298,01001496553,نور الشرقاوي,Nour El-Sharqawi,19,2025-05-15,F
299,01221144659,منير حسين,Monir Hussein,4,2024-04-01,M
300,01177452271,مصطفى الحسيني,Mostafa El-Husseini,30,2024-07-29,M
301,01204398036,داليا حماد,Dalia Hammad,8,2024-01-14,F
302,01194342369,زياد إبراهيم,Ziad Ibrahim,5,2024-01-30,M
303,01233811157,ولاء فاروق,Walaa Farouk,5,2024-03-29,F
304,01502419055,سمر الجوهري,Samar El-Gohary,3,2024-05-13,F
305,01281908153,وائل الغزالي,Wael El-Ghazali,6,2024-12-16,M
306,01527191783,خالد الشرقاوي,Khaled El-Sharqawi,10,2025-02-25,M
307,01163200290,وائل الحسيني,Wael El-Husseini,14,2024-04-07,M
308,01228819893,نادر عبدالرحمن,Nader Abdelrahman,6,2024-09-15,M
309,01089597487,جمال حماد,Gamal Hammad,30,2024-12-09,M
310,01074538358,فادي صالح,Fadi Saleh,17,2024-05-27,M
311,01230781383,أحمد حمدان,Ahmed Hamdan,10,2024-12-18,M
312,01276938445,علي فودة,Ali Fouda,6,2024-07-02,M
313,01127722136,سيد رزق,Sayed Rizk,5,2025-03-16,M
314,01051033361,داليا الشرقاوي,Dalia El-Sharqawi,5,2024-11-08,F
315,01525319541,رامي السيد,Rami El-Sayed,10,2025-06-19,M
316,01288624135,أيمن الصباع,Ayman El-Sabbagh,30,2024-04-12,M
317,01266753960,عمرو قاسم,Amr Qasem,28,2024-08-06,M
318,01225387356,ياسمين العقاد,Yasmine El-Aqqad,31,2024-12-14,F
319,01206365562,وفاء النجار,Wafaa El-Naggar,6,2024-12-26,F
320,01558725013,منى الشرقاوي,Mona El-Sharqawi,35,2024-11-23,F
321,01146817497,هناء فودة,Hanaa Fouda,17,2025-06-22,F
322,01581651542,رامي صالح,Rami Saleh,6,2024-11-17,M
323,01080245317,نادية السعيد,Nadia El-Saeed,15,2024-06-06,F
324,01174385025,سيد فودة,Sayed Fouda,5,2024-12-25,M
325,01045292505,أمل حلمي,Amal Helmy,13,2025-06-14,F
326,01042857775,يوسف زكريا,Youssef Zakaria,6,2024-07-18,M
327,01516945001,ريم الليثي,Reem El-Leithy,11,2024-02-26,F
328,01031276554,رامي رزق,Rami Rizk,7,2024-10-12,M
329,01074368813,لارا البنا,Lara El-Banna,30,2024-11-15,F
330,01040028576,سوسن البدوي,Sawsan El-Badawi,13,2024-09-18,F
331,01180672696,غادة حلمي,Ghada Helmy,7,2024-07-26,F
332,01291853428,أيمن القاضي,Ayman El-Qady,21,2024-02-09,M
333,01246027580,ريم حسين,Reem Hussein,6,2025-03-21,F
334,01021479508,ولاء السعيد,Walaa El-Saeed,12,2025-03-29,F
335,01113923268,زياد غانم,Ziad Ghanem,14,2024-05-03,M
336,01126622493,داليا الدسوقي,Dalia El-Desouky,4,2025-01-10,F
337,01003924631,روان البدوي,Rawan El-Badawi,6,2024-05-31,F
338,01564105183,أميرة سليمان,Amira Suleiman,4,2024-02-16,F
339,01102948757,نادية البدوي,Nadia El-Badawi,11,2024-09-21,F
340,01178443471,ولاء زكريا,Walaa Zakaria,6,2024-10-03,F
341,01210222148,هند إبراهيم,Hind Ibrahim,2,2024-09-07,F
342,01160640965,عبير العطار,Abeer El-Attar,1,2024-11-19,F
343,01085206634,ياسر سليمان,Yasser Suleiman,33,2024-08-24,M
344,01188110090,شيماء الدسوقي,Shaimaa El-Desouky,9,2025-06-18,F
345,01594753201,دينا عبدالله,Dina Abdullah,6,2025-01-29,F
346,01191155561,نهى الدسوقي,Noha El-Desouky,3,2025-02-27,F
347,01579262587,رامي البنا,Rami El-Banna,2,2025-06-03,M
348,01536286084,عبدالله الليثي,Abdullah El-Leithy,13,2025-02-18,M
349,01539949934,طارق حلمي,Tarek Helmy,2,2025-05-13,M
350,01143804107,عصام رزق,Essam Rizk,35,2025-06-18,M
351,01104814681,منى العقاد,Mona El-Aqqad,11,2024-03-04,F
352,01593699961,محمد فودة,Mohamed Fouda,5,2024-05-14,M
353,01298250758,أحمد الحسيني,Ahmed El-Husseini,12,2024-04-23,M
354,01537090213,شريف البنا,Sherif El-Banna,5,2024-10-24,M
355,01111989974,سارة الحسيني,Sara El-Husseini,23,2024-08-29,F
356,01529729250,نجلاء حمدان,Naglaa Hamdan,1,2024-04-04,F
357,01260096222,سامي عوض,Sami Awad,22,2025-04-08,M
358,01250336353,جمال حمدان,Gamal Hamdan,35,2024-03-23,M
359,01005604573,عبير النجار,Abeer El-Naggar,3,2024-05-03,F
360,01240439432,مجدي قاسم,Magdy Qasem,17,2024-04-09,M
361,01032598493,نيرة العقاد,Naira El-Aqqad,2,2024-01-19,F
362,01169025485,دعاء صالح,Doaa Saleh,4,2024-02-05,F
363,01198599765,لؤي الجوهري,Louay El-Gohary,27,2024-12-17,M
364,01555528986,نور البنا,Nour El-Banna,16,2024-07-13,F
365,01004689839,عبدالرحمن عوض,Abdelrahman Awad,5,2024-11-21,M
366,01063247987,تامر فاروق,Tamer Farouk,5,2025-03-01,M
367,01166718000,عمرو عبدالله,Amr Abdullah,10,2024-04-05,M
368,01277500051,غادة الشرقاوي,Ghada El-Sharqawi,1,2025-04-12,F
369,01175981573,سلمى قاسم,Salma Qasem,34,2024-05-27,F
370,01504865109,شيماء القاضي,Shaimaa El-Qady,21,2024-12-19,F
371,01027238666,هاني سليمان,Hani Suleiman,6,2024-04-21,M
372,01578463068,شروق قاسم,Shorouk Qasem,13,2024-04-12,F
373,01151199126,شيماء قاسم,Shaimaa Qasem,2,2024-02-26,F
374,01291422745,ياسمين بركات,Yasmine Barakat,11,2025-01-19,F
375,01041868074,ميار مرسي,Mayar Morsi,1,2024-09-13,F
376,01277967390,ولاء البنا,Walaa El-Banna,9,2024-12-19,F
377,01131358367,أحمد حمدان,Ahmed Hamdan,11,2025-01-05,M
378,01173444089,نادية عمران,Nadia Omran,5,2024-03-07,F
379,01508623868,غادة العطار,Ghada El-Attar,14,2024-06-04,F
380,01594152194,رنا السعيد,Rana El-Saeed,7,2024-12-25,F
381,01037449785,رنا حمدان,Rana Hamdan,16,2025-01-17,F
382,01536873715,رنا الشافعي,Rana El-Shafei,4,2024-08-17,F
383,01128337931,رانيا حداد,Rania Haddad,15,2025-04-07,F
384,01531174639,طارق غانم,Tarek Ghanem,13,2024-01-17,M
385,01164929031,بشير بركات,Bashir Barakat,18,2025-06-19,M
386,01117285551,لمياء غانم,Lamia Ghanem,3,2024-07-04,F
387,01528018955,خالد عبدالله,Khaled Abdullah,9,2025-05-07,M
388,01239801731,أيمن عبدالرحمن,Ayman Abdelrahman,4,2024-03-21,M
389,01543458813,شريف رزق,Sherif Rizk,1,2024-02-29,M
390,01596965776,منير السيد,Monir El-Sayed,8,2025-02-13,M
391,01288663439,عصام الحسيني,Essam El-Husseini,20,2024-01-02,M
392,01032181677,لارا فودة,Lara Fouda,35,2024-10-22,F
393,01585218207,لمياء منصور,Lamia Mansour,6,2024-07-24,F
394,01513676653,ولاء إبراهيم,Walaa Ibrahim,9,2024-01-08,F
395,01068489142,لؤي عمران,Louay Omran,6,2024-01-17,M
396,01142905719,فاطمة البدوي,Fatma El-Badawi,13,2025-06-26,F
397,01586696076,أسماء الجوهري,Asmaa El-Gohary,21,2024-04-12,F
398,01179473604,علي السعيد,Ali El-Saeed,7,2024-04-04,M
399,01546532766,هبة مرسي,Heba Morsi,23,2025-01-14,F
400,01240545465,أيمن القاضي,Ayman El-Qady,16,2024-09-10,M
401,01075915032,سيد عوض,Sayed Awad,9,2025-05-06,M
402,01545694175,محمد عمران,Mohamed Omran,3,2024-12-16,M
403,01152216393,ولاء حجازي,Walaa Hegazy,6,2025-06-26,F
404,01528707828,لؤي الصباع,Louay El-Sabbagh,35,2024-11-17,M
405,01542140905,وفاء إبراهيم,Wafaa Ibrahim,11,2024-11-23,F
406,01283503142,هناء حمدان,Hanaa Hamdan,15,2025-06-12,F
407,01215577558,عمرو الدسوقي,Amr El-Desouky,4,2025-05-19,M
408,01284181849,منير سليمان,Monir Suleiman,3,2024-11-15,M
409,01577398570,لؤي فاروق,Louay Farouk,3,2025-06-26,M
410,01017735553,سارة رزق,Sara Rizk,26,2024-03-17,F
411,01298980428,نهى الجوهري,Noha El-Gohary,7,2024-06-23,F
412,01001803195,خالد السعيد,Khaled El-Saeed,14,2024-09-09,M
413,01173462642,ياسمين فودة,Yasmine Fouda,4,2025-04-21,F
414,01051079244,نيرة نصر,Naira Nasr,7,2025-05-12,F
415,01107969478,مصطفى نصر,Mostafa Nasr,15,2024-09-04,M
416,01290625716,حسن صالح,Hassan Saleh,1,2024-09-30,M
417,01107074166,نجلاء حسين,Naglaa Hussein,20,2024-04-14,F
418,01087031095,أسماء الشافعي,Asmaa El-Shafei,2,2025-05-29,F
419,01254195526,شريف مرسي,Sherif Morsi,10,2024-05-23,M
420,01294204652,ياسر الدسوقي,Yasser El-Desouky,2,2025-05-19,M
421,01103438404,نادية الليثي,Nadia El-Leithy,3,2025-05-10,F
422,01065148915,وفاء قاسم,Wafaa Qasem,9,2024-07-05,F
423,01032351298,محمد حسين,Mohamed Hussein,10,2024-07-30,M
424,01126663556,لارا عمران,Lara Omran,9,2024-06-02,F
425,01586916657,ميار بركات,Mayar Barakat,11,2024-01-13,F
426,01288396865,سلمى البنا,Salma El-Banna,1,2024-04-13,F
427,01193642157,هناء حمدان,Hanaa Hamdan,6,2024-11-25,F
428,01011794480,سامي صالح,Sami Saleh,2,2024-02-02,M
429,01158857557,يوسف السعيد,Youssef El-Saeed,11,2024-01-20,M
430,01116175383,هبة حجازي,Heba Hegazy,22,2025-01-24,F
431,01032901201,نيرة الجوهري,Naira El-Gohary,32,2024-05-06,F
432,01552639777,غادة الجوهري,Ghada El-Gohary,2,2025-05-22,F
433,01221489893,داليا غانم,Dalia Ghanem,5,2025-01-05,F
434,01171548008,سوسن النجار,Sawsan El-Naggar,2,2024-01-28,F
435,01142823862,شريف الصباع,Sherif El-Sabbagh,30,2024-02-25,M
436,01234015931,يوسف مرسي,Youssef Morsi,20,2024-08-19,M
437,01108593892,محمد الشرقاوي,Mohamed El-Sharqawi,4,2024-10-10,M
438,01219399020,ثروت السيد,Tharwat El-Sayed,1,2024-09-10,M
439,01093358562,نيرة الشافعي,Naira El-Shafei,20,2024-05-25,F
440,01092320924,أيمن الجوهري,Ayman El-Gohary,23,2024-04-23,M
441,01034735607,إيمان حسين,Iman Hussein,10,2025-05-22,F
442,01585619819,إسراء السيد,Israa El-Sayed,2,2024-04-18,F
443,01069998710,طارق عوض,Tarek Awad,5,2024-08-02,M
444,01234104001,ولاء مرسي,Walaa Morsi,10,2025-06-19,F
445,01263454051,مريم فودة,Mariam Fouda,11,2025-05-17,F
446,01028748563,مصطفى الجوهري,Mostafa El-Gohary,19,2024-01-26,M
447,01139363741,عمر عبدالله,Omar Abdullah,26,2025-01-18,M
448,01525547179,إبراهيم عوض,Ibrahim Awad,34,2024-12-29,M
449,01510890488,رانيا قاسم,Rania Qasem,1,2024-10-05,F
450,01504635340,إيمان الغزالي,Iman El-Ghazali,19,2025-03-19,F
451,01070388506,رانيا سليمان,Rania Suleiman,6,2024-08-22,F
452,01132170689,إسراء عمران,Israa Omran,2,2025-01-11,F
453,01165732459,ياسمين النجار,Yasmine El-Naggar,16,2024-04-27,F
454,01108011635,أحمد فودة,Ahmed Fouda,14,2025-02-10,M
455,01214215522,إبراهيم البنا,Ibrahim El-Banna,10,2024-06-22,M
456,01130318806,ولاء الجوهري,Walaa El-Gohary,1,2025-03-02,F
457,01081142085,فادي الصباع,Fadi El-Sabbagh,11,2025-02-15,M
458,01050952833,إبراهيم القاضي,Ibrahim El-Qady,13,2025-05-17,M
459,01182077948,إبراهيم إبراهيم,Ibrahim Ibrahim,8,2024-03-08,M
460,01095908350,كريم العطار,Karim El-Attar,2,2024-03-15,M
461,01014802437,فتحي العقاد,Fathy El-Aqqad,32,2024-03-23,M
462,01567247425,ناصر بركات,Nasser Barakat,35,2025-04-09,M
463,01241988699,لؤي صالح,Louay Saleh,8,2025-01-17,M
464,01184511320,نهى العطار,Noha El-Attar,9,2024-04-09,F
465,01014567928,مريم فاروق,Mariam Farouk,13,2024-11-16,F
466,01211233035,عمر حماد,Omar Hammad,12,2024-02-05,M
467,01129739209,ياسمين البدوي,Yasmine El-Badawi,28,2025-01-28,F
468,01293434381,مدحت الغزالي,Medhat El-Ghazali,22,2024-05-03,M
469,01231133989,عبير عمران,Abeer Omran,35,2024-01-13,F
470,01003672526,نجلاء منصور,Naglaa Mansour,6,2025-05-17,F
471,01242235294,جمال عمران,Gamal Omran,18,2025-03-24,M
472,01025108479,نور رزق,Nour Rizk,1,2025-06-10,F
473,01122856522,وفاء درويش,Wafaa Darwish,14,2024-06-20,F
474,01019523760,أمل عوض,Amal Awad,1,2025-01-07,F
475,01008595806,رنا الليثي,Rana El-Leithy,13,2025-04-29,F
476,01223286037,وفاء إبراهيم,Wafaa Ibrahim,9,2024-12-12,F
477,01555612621,خالد فودة,Khaled Fouda,19,2025-01-25,M
478,01078212441,وفاء إبراهيم,Wafaa Ibrahim,5,2024-08-02,F
479,01289769363,شيماء الشرقاوي,Shaimaa El-Sharqawi,5,2024-08-25,F
480,01525707774,نهى صالح,Noha Saleh,17,2024-09-04,F
481,01137372954,منى البنا,Mona El-Banna,7,2025-04-30,F
482,01055442951,عمر الليثي,Omar El-Leithy,2,2025-02-09,M
483,01592179557,رامي الغزالي,Rami El-Ghazali,2,2025-01-16,M
484,01100836991,أمل فودة,Amal Fouda,14,2025-01-17,F
485,01503059672,سمر عبدالله,Samar Abdullah,12,2024-09-30,F
486,01525488054,رنا الصباع,Rana El-Sabbagh,25,2025-03-25,F
487,01148282106,دعاء حلمي,Doaa Helmy,6,2024-05-28,F
488,01118498489,منير حسين,Monir Hussein,8,2024-06-25,M
489,01121338318,غادة نصر,Ghada Nasr,5,2025-04-13,F
490,01179844758,غادة الدسوقي,Ghada El-Desouky,24,2024-06-12,F
491,01192664573,وفاء عمران,Wafaa Omran,20,2025-03-23,F
492,01228566410,روان الشافعي,Rawan El-Shafei,11,2025-02-25,F
493,01280173984,نهى حماد,Noha Hammad,13,2024-07-11,F
494,01092870168,أسماء غانم,Asmaa Ghanem,13,2024-01-19,F
495,01095973219,نادر الشرقاوي,Nader El-Sharqawi,14,2025-03-29,M
496,01539117798,نادية النجار,Nadia El-Naggar,4,2024-05-19,F
497,01131396123,أسماء حماد,Asmaa Hammad,2,2024-01-28,F
498,01207892247,إسراء بركات,Israa Barakat,6,2025-05-31,F
499,01252193903,أميرة عمران,Amira Omran,3,2025-06-13,F
500,01588312773,نجلاء حماد,Naglaa Hammad,18,2024-12-21,F
