IngredientPriceID,IngredientID,PricePerUnit_EGP,EffectiveDate
1,1,110.00,2024-01-01
2,1,111.65,2024-02-01
3,1,128.40,2024-03-01
4,1,130.33,2024-04-01
5,1,132.28,2024-05-01
6,1,134.26,2024-06-01
7,1,136.27,2024-07-01
8,1,138.31,2024-08-01
9,1,140.38,2024-09-01
10,1,142.48,2024-10-01
11,1,144.62,2024-11-01
12,1,146.79,2024-12-01
13,1,148.99,2025-01-01
14,1,151.22,2025-02-01
15,1,166.34,2025-03-01
16,1,168.83,2025-04-01
17,1,171.36,2025-05-01
18,1,173.93,2025-06-01
19,1,176.54,2025-07-01
20,1,179.19,2025-08-01
21,1,181.88,2025-09-01
22,1,184.61,2025-10-01
23,1,187.38,2025-11-01
24,1,190.19,2025-12-01
25,2,200.00,2024-01-01
26,2,203.00,2024-02-01
27,2,233.45,2024-03-01
28,2,236.95,2024-04-01
29,2,240.50,2024-05-01
30,2,244.11,2024-06-01
31,2,247.77,2024-07-01
32,2,251.49,2024-08-01
33,2,255.26,2024-09-01
34,2,259.09,2024-10-01
35,2,262.98,2024-11-01
36,2,266.92,2024-12-01
37,2,270.92,2025-01-01
38,2,274.98,2025-02-01
39,2,302.48,2025-03-01
40,2,307.02,2025-04-01
41,2,311.62,2025-05-01
42,2,316.29,2025-06-01
43,2,321.04,2025-07-01
44,2,325.86,2025-08-01
45,2,330.75,2025-09-01
46,2,335.71,2025-10-01
47,2,340.75,2025-11-01
48,2,345.86,2025-12-01
49,3,290.00,2024-01-01
50,3,294.35,2024-02-01
51,3,338.50,2024-03-01
52,3,343.58,2024-04-01
53,3,348.73,2024-05-01
54,3,353.96,2024-06-01
55,3,359.27,2024-07-01
56,3,364.66,2024-08-01
57,3,370.13,2024-09-01
58,3,375.68,2024-10-01
59,3,381.31,2024-11-01
60,3,387.03,2024-12-01
61,3,392.84,2025-01-01
62,3,398.73,2025-02-01
63,3,438.60,2025-03-01
64,3,445.18,2025-04-01
65,3,451.86,2025-05-01
66,3,458.64,2025-06-01
67,3,465.52,2025-07-01
68,3,472.50,2025-08-01
69,3,479.59,2025-09-01
70,3,486.78,2025-10-01
71,3,494.08,2025-11-01
72,3,501.49,2025-12-01
73,4,290.00,2024-01-01
74,4,294.35,2024-02-01
75,4,338.50,2024-03-01
76,4,343.58,2024-04-01
77,4,348.73,2024-05-01
78,4,353.96,2024-06-01
79,4,359.27,2024-07-01
80,4,364.66,2024-08-01
81,4,370.13,2024-09-01
82,4,375.68,2024-10-01
83,4,381.31,2024-11-01
84,4,387.03,2024-12-01
85,4,392.84,2025-01-01
86,4,398.73,2025-02-01
87,4,438.60,2025-03-01
88,4,445.18,2025-04-01
89,4,451.86,2025-05-01
90,4,458.64,2025-06-01
91,4,465.52,2025-07-01
92,4,472.50,2025-08-01
93,4,479.59,2025-09-01
94,4,486.78,2025-10-01
95,4,494.08,2025-11-01
96,4,501.49,2025-12-01
97,5,55.00,2024-01-01
98,5,55.83,2024-02-01
99,5,64.20,2024-03-01
100,5,65.16,2024-04-01
101,5,66.14,2024-05-01
102,5,67.13,2024-06-01
103,5,68.14,2024-07-01
104,5,69.16,2024-08-01
105,5,70.20,2024-09-01
106,5,71.25,2024-10-01
107,5,72.32,2024-11-01
108,5,73.40,2024-12-01
109,5,74.50,2025-01-01
110,5,75.62,2025-02-01
111,5,83.18,2025-03-01
112,5,84.43,2025-04-01
113,5,85.70,2025-05-01
114,5,86.99,2025-06-01
115,5,88.29,2025-07-01
116,5,89.61,2025-08-01
117,5,90.95,2025-09-01
118,5,92.31,2025-10-01
119,5,93.69,2025-11-01
120,5,95.09,2025-12-01
121,6,130.00,2024-01-01
122,6,131.95,2024-02-01
123,6,151.74,2024-03-01
124,6,154.02,2024-04-01
125,6,156.33,2024-05-01
126,6,158.67,2024-06-01
127,6,161.05,2024-07-01
128,6,163.47,2024-08-01
129,6,165.92,2024-09-01
130,6,168.41,2024-10-01
131,6,170.94,2024-11-01
132,6,173.50,2024-12-01
133,6,176.10,2025-01-01
134,6,178.74,2025-02-01
135,6,196.61,2025-03-01
136,6,199.56,2025-04-01
137,6,202.55,2025-05-01
138,6,205.59,2025-06-01
139,6,208.67,2025-07-01
140,6,211.80,2025-08-01
141,6,214.98,2025-09-01
142,6,218.20,2025-10-01
143,6,221.47,2025-11-01
144,6,224.79,2025-12-01
145,7,180.00,2024-01-01
146,7,182.70,2024-02-01
147,7,210.11,2024-03-01
148,7,213.26,2024-04-01
149,7,216.46,2024-05-01
150,7,219.71,2024-06-01
151,7,223.01,2024-07-01
152,7,226.36,2024-08-01
153,7,229.76,2024-09-01
154,7,233.21,2024-10-01
155,7,236.71,2024-11-01
156,7,240.26,2024-12-01
157,7,243.86,2025-01-01
158,7,247.52,2025-02-01
159,7,272.27,2025-03-01
160,7,276.35,2025-04-01
161,7,280.49,2025-05-01
162,7,284.70,2025-06-01
163,7,288.97,2025-07-01
164,7,293.30,2025-08-01
165,7,297.70,2025-09-01
166,7,302.17,2025-10-01
167,7,306.70,2025-11-01
168,7,311.30,2025-12-01
169,8,95.00,2024-01-01
170,8,96.43,2024-02-01
171,8,110.89,2024-03-01
172,8,112.55,2024-04-01
173,8,114.24,2024-05-01
174,8,115.95,2024-06-01
175,8,117.69,2024-07-01
176,8,119.46,2024-08-01
177,8,121.25,2024-09-01
178,8,123.07,2024-10-01
179,8,124.92,2024-11-01
180,8,126.79,2024-12-01
181,8,128.69,2025-01-01
182,8,130.62,2025-02-01
183,8,143.68,2025-03-01
184,8,145.84,2025-04-01
185,8,148.03,2025-05-01
186,8,150.25,2025-06-01
187,8,152.50,2025-07-01
188,8,154.79,2025-08-01
189,8,157.11,2025-09-01
190,8,159.47,2025-10-01
191,8,161.86,2025-11-01
192,8,164.29,2025-12-01
193,9,70.00,2024-01-01
194,9,71.05,2024-02-01
195,9,81.71,2024-03-01
196,9,82.94,2024-04-01
197,9,84.18,2024-05-01
198,9,85.44,2024-06-01
199,9,86.72,2024-07-01
200,9,88.02,2024-08-01
201,9,89.34,2024-09-01
202,9,90.68,2024-10-01
203,9,92.04,2024-11-01
204,9,93.42,2024-12-01
205,9,94.82,2025-01-01
206,9,96.24,2025-02-01
207,9,105.86,2025-03-01
208,9,107.45,2025-04-01
209,9,109.06,2025-05-01
210,9,110.70,2025-06-01
211,9,112.36,2025-07-01
212,9,114.05,2025-08-01
213,9,115.76,2025-09-01
214,9,117.50,2025-10-01
215,9,119.26,2025-11-01
216,9,121.05,2025-12-01
217,10,80.00,2024-01-01
218,10,80.80,2024-02-01
219,10,92.92,2024-03-01
220,10,93.85,2024-04-01
221,10,94.79,2024-05-01
222,10,95.74,2024-06-01
223,10,96.70,2024-07-01
224,10,97.67,2024-08-01
225,10,98.65,2024-09-01
226,10,99.64,2024-10-01
227,10,100.64,2024-11-01
228,10,101.65,2024-12-01
229,10,102.67,2025-01-01
230,10,103.70,2025-02-01
231,10,114.07,2025-03-01
232,10,115.21,2025-04-01
233,10,116.36,2025-05-01
234,10,117.52,2025-06-01
235,10,118.70,2025-07-01
236,10,119.89,2025-08-01
237,10,121.09,2025-09-01
238,10,122.30,2025-10-01
239,10,123.52,2025-11-01
240,10,124.75,2025-12-01
241,11,14.00,2024-01-01
242,11,14.07,2024-02-01
243,11,16.88,2024-03-01
244,11,16.96,2024-04-01
245,11,17.04,2024-05-01
246,11,17.13,2024-06-01
247,11,22.27,2024-07-01
248,11,21.14,2024-08-01
249,11,16.48,2024-09-01
250,11,16.56,2024-10-01
251,11,16.64,2024-11-01
252,11,16.72,2024-12-01
253,11,16.81,2025-01-01
254,11,16.89,2025-02-01
255,11,20.27,2025-03-01
256,11,20.37,2025-04-01
257,11,20.47,2025-05-01
258,11,20.57,2025-06-01
259,11,26.74,2025-07-01
260,11,25.40,2025-08-01
261,11,19.81,2025-09-01
262,11,19.91,2025-10-01
263,11,20.01,2025-11-01
264,11,20.11,2025-12-01
265,12,10.00,2024-01-01
266,12,10.05,2024-02-01
267,12,12.06,2024-03-01
268,12,12.12,2024-04-01
269,12,12.18,2024-05-01
270,12,12.24,2024-06-01
271,12,15.91,2024-07-01
272,12,15.11,2024-08-01
273,12,11.77,2024-09-01
274,12,11.83,2024-10-01
275,12,11.89,2024-11-01
276,12,11.95,2024-12-01
277,12,12.01,2025-01-01
278,12,12.07,2025-02-01
279,12,14.48,2025-03-01
280,12,14.55,2025-04-01
281,12,14.62,2025-05-01
282,12,14.69,2025-06-01
283,12,19.10,2025-07-01
284,12,18.15,2025-08-01
285,12,14.13,2025-09-01
286,12,14.20,2025-10-01
287,12,14.27,2025-11-01
288,12,14.34,2025-12-01
289,13,55.00,2024-01-01
290,13,55.28,2024-02-01
291,13,66.34,2024-03-01
292,13,66.67,2024-04-01
293,13,67.00,2024-05-01
294,13,67.33,2024-06-01
295,13,87.53,2024-07-01
296,13,83.16,2024-08-01
297,13,64.77,2024-09-01
298,13,65.09,2024-10-01
299,13,65.41,2024-11-01
300,13,65.73,2024-12-01
301,13,66.05,2025-01-01
302,13,66.37,2025-02-01
303,13,79.64,2025-03-01
304,13,80.04,2025-04-01
305,13,80.44,2025-05-01
306,13,80.84,2025-06-01
307,13,105.09,2025-07-01
308,13,99.84,2025-08-01
309,13,77.78,2025-09-01
310,13,78.17,2025-10-01
311,13,78.56,2025-11-01
312,13,78.95,2025-12-01
313,14,12.00,2024-01-01
314,14,12.06,2024-02-01
315,14,14.47,2024-03-01
316,14,14.54,2024-04-01
317,14,14.61,2024-05-01
318,14,14.68,2024-06-01
319,14,19.08,2024-07-01
320,14,18.12,2024-08-01
321,14,14.12,2024-09-01
322,14,14.19,2024-10-01
323,14,14.26,2024-11-01
324,14,14.33,2024-12-01
325,14,14.40,2025-01-01
326,14,14.47,2025-02-01
327,14,17.36,2025-03-01
328,14,17.45,2025-04-01
329,14,17.54,2025-05-01
330,14,17.63,2025-06-01
331,14,22.92,2025-07-01
332,14,21.77,2025-08-01
333,14,16.96,2025-09-01
334,14,17.04,2025-10-01
335,14,17.12,2025-11-01
336,14,17.20,2025-12-01
337,15,18.00,2024-01-01
338,15,18.09,2024-02-01
339,15,21.71,2024-03-01
340,15,21.82,2024-04-01
341,15,21.93,2024-05-01
342,15,22.04,2024-06-01
343,15,28.65,2024-07-01
344,15,27.22,2024-08-01
345,15,21.21,2024-09-01
346,15,21.32,2024-10-01
347,15,21.43,2024-11-01
348,15,21.54,2024-12-01
349,15,21.65,2025-01-01
350,15,21.76,2025-02-01
351,15,26.11,2025-03-01
352,15,26.24,2025-04-01
353,15,26.37,2025-05-01
354,15,26.50,2025-06-01
355,15,34.45,2025-07-01
356,15,32.73,2025-08-01
357,15,25.51,2025-09-01
358,15,25.64,2025-10-01
359,15,25.77,2025-11-01
360,15,25.90,2025-12-01
361,16,10.00,2024-01-01
362,16,10.05,2024-02-01
363,16,12.06,2024-03-01
364,16,12.12,2024-04-01
365,16,12.18,2024-05-01
366,16,12.24,2024-06-01
367,16,15.91,2024-07-01
368,16,15.11,2024-08-01
369,16,11.77,2024-09-01
370,16,11.83,2024-10-01
371,16,11.89,2024-11-01
372,16,11.95,2024-12-01
373,16,12.01,2025-01-01
374,16,12.07,2025-02-01
375,16,14.48,2025-03-01
376,16,14.55,2025-04-01
377,16,14.62,2025-05-01
378,16,14.69,2025-06-01
379,16,19.10,2025-07-01
380,16,18.15,2025-08-01
381,16,14.13,2025-09-01
382,16,14.20,2025-10-01
383,16,14.27,2025-11-01
384,16,14.34,2025-12-01
385,17,15.00,2024-01-01
386,17,15.08,2024-02-01
387,17,18.10,2024-03-01
388,17,18.19,2024-04-01
389,17,18.28,2024-05-01
390,17,18.37,2024-06-01
391,17,23.88,2024-07-01
392,17,22.69,2024-08-01
393,17,17.67,2024-09-01
394,17,17.76,2024-10-01
395,17,17.85,2024-11-01
396,17,17.94,2024-12-01
397,17,18.03,2025-01-01
398,17,18.12,2025-02-01
399,17,21.74,2025-03-01
400,17,21.85,2025-04-01
401,17,21.96,2025-05-01
402,17,22.07,2025-06-01
403,17,28.69,2025-07-01
404,17,27.26,2025-08-01
405,17,21.23,2025-09-01
406,17,21.34,2025-10-01
407,17,21.45,2025-11-01
408,17,21.56,2025-12-01
409,18,15.00,2024-01-01
410,18,15.08,2024-02-01
411,18,18.10,2024-03-01
412,18,18.19,2024-04-01
413,18,18.28,2024-05-01
414,18,18.37,2024-06-01
415,18,23.88,2024-07-01
416,18,22.69,2024-08-01
417,18,17.67,2024-09-01
418,18,17.76,2024-10-01
419,18,17.85,2024-11-01
420,18,17.94,2024-12-01
421,18,18.03,2025-01-01
422,18,18.12,2025-02-01
423,18,21.74,2025-03-01
424,18,21.85,2025-04-01
425,18,21.96,2025-05-01
426,18,22.07,2025-06-01
427,18,28.69,2025-07-01
428,18,27.26,2025-08-01
429,18,21.23,2025-09-01
430,18,21.34,2025-10-01
431,18,21.45,2025-11-01
432,18,21.56,2025-12-01
433,19,12.00,2024-01-01
434,19,12.06,2024-02-01
435,19,14.47,2024-03-01
436,19,14.54,2024-04-01
437,19,14.61,2024-05-01
438,19,14.68,2024-06-01
439,19,19.08,2024-07-01
440,19,18.12,2024-08-01
441,19,14.12,2024-09-01
442,19,14.19,2024-10-01
443,19,14.26,2024-11-01
444,19,14.33,2024-12-01
445,19,14.40,2025-01-01
446,19,14.47,2025-02-01
447,19,17.36,2025-03-01
448,19,17.45,2025-04-01
449,19,17.54,2025-05-01
450,19,17.63,2025-06-01
451,19,22.92,2025-07-01
452,19,21.77,2025-08-01
453,19,16.96,2025-09-01
454,19,17.04,2025-10-01
455,19,17.12,2025-11-01
456,19,17.20,2025-12-01
457,20,12.00,2024-01-01
458,20,12.06,2024-02-01
459,20,14.47,2024-03-01
460,20,14.54,2024-04-01
461,20,14.61,2024-05-01
462,20,14.68,2024-06-01
463,20,19.08,2024-07-01
464,20,18.12,2024-08-01
465,20,14.12,2024-09-01
466,20,14.19,2024-10-01
467,20,14.26,2024-11-01
468,20,14.33,2024-12-01
469,20,14.40,2025-01-01
470,20,14.47,2025-02-01
471,20,17.36,2025-03-01
472,20,17.45,2025-04-01
473,20,17.54,2025-05-01
474,20,17.63,2025-06-01
475,20,22.92,2025-07-01
476,20,21.77,2025-08-01
477,20,16.96,2025-09-01
478,20,17.04,2025-10-01
479,20,17.12,2025-11-01
480,20,17.20,2025-12-01
481,21,18.00,2024-01-01
482,21,18.09,2024-02-01
483,21,21.71,2024-03-01
484,21,21.82,2024-04-01
485,21,21.93,2024-05-01
486,21,22.04,2024-06-01
487,21,28.65,2024-07-01
488,21,27.22,2024-08-01
489,21,21.21,2024-09-01
490,21,21.32,2024-10-01
491,21,21.43,2024-11-01
492,21,21.54,2024-12-01
493,21,21.65,2025-01-01
494,21,21.76,2025-02-01
495,21,26.11,2025-03-01
496,21,26.24,2025-04-01
497,21,26.37,2025-05-01
498,21,26.50,2025-06-01
499,21,34.45,2025-07-01
500,21,32.73,2025-08-01
501,21,25.51,2025-09-01
502,21,25.64,2025-10-01
503,21,25.77,2025-11-01
504,21,25.90,2025-12-01
505,22,15.00,2024-01-01
506,22,15.08,2024-02-01
507,22,18.10,2024-03-01
508,22,18.19,2024-04-01
509,22,18.28,2024-05-01
510,22,18.37,2024-06-01
511,22,23.88,2024-07-01
512,22,22.69,2024-08-01
513,22,17.67,2024-09-01
514,22,17.76,2024-10-01
515,22,17.85,2024-11-01
516,22,17.94,2024-12-01
517,22,18.03,2025-01-01
518,22,18.12,2025-02-01
519,22,21.74,2025-03-01
520,22,21.85,2025-04-01
521,22,21.96,2025-05-01
522,22,22.07,2025-06-01
523,22,28.69,2025-07-01
524,22,27.26,2025-08-01
525,22,21.23,2025-09-01
526,22,21.34,2025-10-01
527,22,21.45,2025-11-01
528,22,21.56,2025-12-01
529,23,30.00,2024-01-01
530,23,30.30,2024-02-01
531,23,34.85,2024-03-01
532,23,35.20,2024-04-01
533,23,35.55,2024-05-01
534,23,35.91,2024-06-01
535,23,36.27,2024-07-01
536,23,36.63,2024-08-01
537,23,37.00,2024-09-01
538,23,37.37,2024-10-01
539,23,37.74,2024-11-01
540,23,38.12,2024-12-01
541,23,38.50,2025-01-01
542,23,38.89,2025-02-01
543,23,44.72,2025-03-01
544,23,45.17,2025-04-01
545,23,45.62,2025-05-01
546,23,46.08,2025-06-01
547,23,46.54,2025-07-01
548,23,47.01,2025-08-01
549,23,47.48,2025-09-01
550,23,47.95,2025-10-01
551,23,48.43,2025-11-01
552,23,48.91,2025-12-01
553,24,35.00,2024-01-01
554,24,35.35,2024-02-01
555,24,40.65,2024-03-01
556,24,41.06,2024-04-01
557,24,41.47,2024-05-01
558,24,41.88,2024-06-01
559,24,42.30,2024-07-01
560,24,42.72,2024-08-01
561,24,43.15,2024-09-01
562,24,43.58,2024-10-01
563,24,44.02,2024-11-01
564,24,44.46,2024-12-01
565,24,44.90,2025-01-01
566,24,45.35,2025-02-01
567,24,52.15,2025-03-01
568,24,52.67,2025-04-01
569,24,53.20,2025-05-01
570,24,53.73,2025-06-01
571,24,54.27,2025-07-01
572,24,54.81,2025-08-01
573,24,55.36,2025-09-01
574,24,55.91,2025-10-01
575,24,56.47,2025-11-01
576,24,57.03,2025-12-01
577,25,35.00,2024-01-01
578,25,35.35,2024-02-01
579,25,40.65,2024-03-01
580,25,41.06,2024-04-01
581,25,41.47,2024-05-01
582,25,41.88,2024-06-01
583,25,42.30,2024-07-01
584,25,42.72,2024-08-01
585,25,43.15,2024-09-01
586,25,43.58,2024-10-01
587,25,44.02,2024-11-01
588,25,44.46,2024-12-01
589,25,44.90,2025-01-01
590,25,45.35,2025-02-01
591,25,52.15,2025-03-01
592,25,52.67,2025-04-01
593,25,53.20,2025-05-01
594,25,53.73,2025-06-01
595,25,54.27,2025-07-01
596,25,54.81,2025-08-01
597,25,55.36,2025-09-01
598,25,55.91,2025-10-01
599,25,56.47,2025-11-01
600,25,57.03,2025-12-01
601,26,28.00,2024-01-01
602,26,28.28,2024-02-01
603,26,32.52,2024-03-01
604,26,32.85,2024-04-01
605,26,33.18,2024-05-01
606,26,33.51,2024-06-01
607,26,33.85,2024-07-01
608,26,34.19,2024-08-01
609,26,34.53,2024-09-01
610,26,34.88,2024-10-01
611,26,35.23,2024-11-01
612,26,35.58,2024-12-01
613,26,35.94,2025-01-01
614,26,36.30,2025-02-01
615,26,41.75,2025-03-01
616,26,42.17,2025-04-01
617,26,42.59,2025-05-01
618,26,43.02,2025-06-01
619,26,43.45,2025-07-01
620,26,43.88,2025-08-01
621,26,44.32,2025-09-01
622,26,44.76,2025-10-01
623,26,45.21,2025-11-01
624,26,45.66,2025-12-01
625,27,28.00,2024-01-01
626,27,28.28,2024-02-01
627,27,32.52,2024-03-01
628,27,32.85,2024-04-01
629,27,33.18,2024-05-01
630,27,33.51,2024-06-01
631,27,33.85,2024-07-01
632,27,34.19,2024-08-01
633,27,34.53,2024-09-01
634,27,34.88,2024-10-01
635,27,35.23,2024-11-01
636,27,35.58,2024-12-01
637,27,35.94,2025-01-01
638,27,36.30,2025-02-01
639,27,41.75,2025-03-01
640,27,42.17,2025-04-01
641,27,42.59,2025-05-01
642,27,43.02,2025-06-01
643,27,43.45,2025-07-01
644,27,43.88,2025-08-01
645,27,44.32,2025-09-01
646,27,44.76,2025-10-01
647,27,45.21,2025-11-01
648,27,45.66,2025-12-01
649,28,25.00,2024-01-01
650,28,25.25,2024-02-01
651,28,29.04,2024-03-01
652,28,29.33,2024-04-01
653,28,29.62,2024-05-01
654,28,29.92,2024-06-01
655,28,30.22,2024-07-01
656,28,30.52,2024-08-01
657,28,30.83,2024-09-01
658,28,31.14,2024-10-01
659,28,31.45,2024-11-01
660,28,31.76,2024-12-01
661,28,32.08,2025-01-01
662,28,32.40,2025-02-01
663,28,37.26,2025-03-01
664,28,37.63,2025-04-01
665,28,38.01,2025-05-01
666,28,38.39,2025-06-01
667,28,38.77,2025-07-01
668,28,39.16,2025-08-01
669,28,39.55,2025-09-01
670,28,39.95,2025-10-01
671,28,40.35,2025-11-01
672,28,40.75,2025-12-01
673,29,2.00,2024-01-01
674,29,2.02,2024-02-01
675,29,2.32,2024-03-01
676,29,2.34,2024-04-01
677,29,2.36,2024-05-01
678,29,2.38,2024-06-01
679,29,2.40,2024-07-01
680,29,2.42,2024-08-01
681,29,2.44,2024-09-01
682,29,2.46,2024-10-01
683,29,2.48,2024-11-01
684,29,2.50,2024-12-01
685,29,2.53,2025-01-01
686,29,2.55,2025-02-01
687,29,2.93,2025-03-01
688,29,2.96,2025-04-01
689,29,2.99,2025-05-01
690,29,3.02,2025-06-01
691,29,3.05,2025-07-01
692,29,3.08,2025-08-01
693,29,3.11,2025-09-01
694,29,3.14,2025-10-01
695,29,3.17,2025-11-01
696,29,3.20,2025-12-01
697,30,3.00,2024-01-01
698,30,3.03,2024-02-01
699,30,3.48,2024-03-01
700,30,3.51,2024-04-01
701,30,3.55,2024-05-01
702,30,3.59,2024-06-01
703,30,3.63,2024-07-01
704,30,3.67,2024-08-01
705,30,3.71,2024-09-01
706,30,3.75,2024-10-01
707,30,3.79,2024-11-01
708,30,3.83,2024-12-01
709,30,3.87,2025-01-01
710,30,3.91,2025-02-01
711,30,4.50,2025-03-01
712,30,4.55,2025-04-01
713,30,4.60,2025-05-01
714,30,4.65,2025-06-01
715,30,4.70,2025-07-01
716,30,4.75,2025-08-01
717,30,4.80,2025-09-01
718,30,4.85,2025-10-01
719,30,4.90,2025-11-01
720,30,4.95,2025-12-01
721,31,5.00,2024-01-01
722,31,5.05,2024-02-01
723,31,5.81,2024-03-01
724,31,5.87,2024-04-01
725,31,5.93,2024-05-01
726,31,5.99,2024-06-01
727,31,6.05,2024-07-01
728,31,6.11,2024-08-01
729,31,6.17,2024-09-01
730,31,6.23,2024-10-01
731,31,6.29,2024-11-01
732,31,6.35,2024-12-01
733,31,6.41,2025-01-01
734,31,6.47,2025-02-01
735,31,7.44,2025-03-01
736,31,7.51,2025-04-01
737,31,7.58,2025-05-01
738,31,7.65,2025-06-01
739,31,7.72,2025-07-01
740,31,7.79,2025-08-01
741,31,7.86,2025-09-01
742,31,7.93,2025-10-01
743,31,8.00,2025-11-01
744,31,8.07,2025-12-01
745,32,25.00,2024-01-01
746,32,25.25,2024-02-01
747,32,29.04,2024-03-01
748,32,29.33,2024-04-01
749,32,29.62,2024-05-01
750,32,29.92,2024-06-01
751,32,30.22,2024-07-01
752,32,30.52,2024-08-01
753,32,30.83,2024-09-01
754,32,31.14,2024-10-01
755,32,31.45,2024-11-01
756,32,31.76,2024-12-01
757,32,32.08,2025-01-01
758,32,32.40,2025-02-01
759,32,37.26,2025-03-01
760,32,37.63,2025-04-01
761,32,38.01,2025-05-01
762,32,38.39,2025-06-01
763,32,38.77,2025-07-01
764,32,39.16,2025-08-01
765,32,39.55,2025-09-01
766,32,39.95,2025-10-01
767,32,40.35,2025-11-01
768,32,40.75,2025-12-01
769,33,90.00,2024-01-01
770,33,90.90,2024-02-01
771,33,104.54,2024-03-01
772,33,105.59,2024-04-01
773,33,106.65,2024-05-01
774,33,107.72,2024-06-01
775,33,108.80,2024-07-01
776,33,109.89,2024-08-01
777,33,110.99,2024-09-01
778,33,112.10,2024-10-01
779,33,113.22,2024-11-01
780,33,114.35,2024-12-01
781,33,115.49,2025-01-01
782,33,116.64,2025-02-01
783,33,134.14,2025-03-01
784,33,135.48,2025-04-01
785,33,136.83,2025-05-01
786,33,138.20,2025-06-01
787,33,139.58,2025-07-01
788,33,140.98,2025-08-01
789,33,142.39,2025-09-01
790,33,143.81,2025-10-01
791,33,145.25,2025-11-01
792,33,146.70,2025-12-01
793,34,35.00,2024-01-01
794,34,35.35,2024-02-01
795,34,40.65,2024-03-01
796,34,41.06,2024-04-01
797,34,41.47,2024-05-01
798,34,41.88,2024-06-01
799,34,42.30,2024-07-01
800,34,42.72,2024-08-01
801,34,43.15,2024-09-01
802,34,43.58,2024-10-01
803,34,44.02,2024-11-01
804,34,44.46,2024-12-01
805,34,44.90,2025-01-01
806,34,45.35,2025-02-01
807,34,52.15,2025-03-01
808,34,52.67,2025-04-01
809,34,53.20,2025-05-01
810,34,53.73,2025-06-01
811,34,54.27,2025-07-01
812,34,54.81,2025-08-01
813,34,55.36,2025-09-01
814,34,55.91,2025-10-01
815,34,56.47,2025-11-01
816,34,57.03,2025-12-01
817,35,45.00,2024-01-01
818,35,45.45,2024-02-01
819,35,52.27,2024-03-01
820,35,52.79,2024-04-01
821,35,53.32,2024-05-01
822,35,53.85,2024-06-01
823,35,54.39,2024-07-01
824,35,54.93,2024-08-01
825,35,55.48,2024-09-01
826,35,56.03,2024-10-01
827,35,56.59,2024-11-01
828,35,57.16,2024-12-01
829,35,57.73,2025-01-01
830,35,58.31,2025-02-01
831,35,67.06,2025-03-01
832,35,67.73,2025-04-01
833,35,68.41,2025-05-01
834,35,69.09,2025-06-01
835,35,69.78,2025-07-01
836,35,70.48,2025-08-01
837,35,71.18,2025-09-01
838,35,71.89,2025-10-01
839,35,72.61,2025-11-01
840,35,73.34,2025-12-01
841,36,55.00,2024-01-01
842,36,55.55,2024-02-01
843,36,63.88,2024-03-01
844,36,64.52,2024-04-01
845,36,65.17,2024-05-01
846,36,65.82,2024-06-01
847,36,66.48,2024-07-01
848,36,67.14,2024-08-01
849,36,67.81,2024-09-01
850,36,68.49,2024-10-01
851,36,69.17,2024-11-01
852,36,69.86,2024-12-01
853,36,70.56,2025-01-01
854,36,71.27,2025-02-01
855,36,81.96,2025-03-01
856,36,82.78,2025-04-01
857,36,83.61,2025-05-01
858,36,84.45,2025-06-01
859,36,85.29,2025-07-01
860,36,86.14,2025-08-01
861,36,87.00,2025-09-01
862,36,87.87,2025-10-01
863,36,88.75,2025-11-01
864,36,89.64,2025-12-01
865,37,130.00,2024-01-01
866,37,131.30,2024-02-01
867,37,151.00,2024-03-01
868,37,152.51,2024-04-01
869,37,154.04,2024-05-01
870,37,155.58,2024-06-01
871,37,157.14,2024-07-01
872,37,158.71,2024-08-01
873,37,160.30,2024-09-01
874,37,161.90,2024-10-01
875,37,163.52,2024-11-01
876,37,165.16,2024-12-01
877,37,166.81,2025-01-01
878,37,168.48,2025-02-01
879,37,193.75,2025-03-01
880,37,195.69,2025-04-01
881,37,197.65,2025-05-01
882,37,199.63,2025-06-01
883,37,201.63,2025-07-01
884,37,203.65,2025-08-01
885,37,205.69,2025-09-01
886,37,207.75,2025-10-01
887,37,209.83,2025-11-01
888,37,211.93,2025-12-01
889,38,120.00,2024-01-01
890,38,121.20,2024-02-01
891,38,139.38,2024-03-01
892,38,140.77,2024-04-01
893,38,142.18,2024-05-01
894,38,143.60,2024-06-01
895,38,145.04,2024-07-01
896,38,146.49,2024-08-01
897,38,147.95,2024-09-01
898,38,149.43,2024-10-01
899,38,150.93,2024-11-01
900,38,152.44,2024-12-01
901,38,153.96,2025-01-01
902,38,155.50,2025-02-01
903,38,178.83,2025-03-01
904,38,180.62,2025-04-01
905,38,182.43,2025-05-01
906,38,184.25,2025-06-01
907,38,186.09,2025-07-01
908,38,187.95,2025-08-01
909,38,189.83,2025-09-01
910,38,191.73,2025-10-01
911,38,193.65,2025-11-01
912,38,195.59,2025-12-01
913,39,150.00,2024-01-01
914,39,151.50,2024-02-01
915,39,174.23,2024-03-01
916,39,175.97,2024-04-01
917,39,177.73,2024-05-01
918,39,179.51,2024-06-01
919,39,181.31,2024-07-01
920,39,183.12,2024-08-01
921,39,184.95,2024-09-01
922,39,186.80,2024-10-01
923,39,188.67,2024-11-01
924,39,190.56,2024-12-01
925,39,192.47,2025-01-01
926,39,194.39,2025-02-01
927,39,223.55,2025-03-01
928,39,225.79,2025-04-01
929,39,228.05,2025-05-01
930,39,230.33,2025-06-01
931,39,232.63,2025-07-01
932,39,234.96,2025-08-01
933,39,237.31,2025-09-01
934,39,239.68,2025-10-01
935,39,242.08,2025-11-01
936,39,244.50,2025-12-01
937,40,8.00,2024-01-01
938,40,8.08,2024-02-01
939,40,9.25,2024-03-01
940,40,9.34,2024-04-01
941,40,9.43,2024-05-01
942,40,9.52,2024-06-01
943,40,9.62,2024-07-01
944,40,9.72,2024-08-01
945,40,9.82,2024-09-01
946,40,9.92,2024-10-01
947,40,10.02,2024-11-01
948,40,10.12,2024-12-01
949,40,10.22,2025-01-01
950,40,10.32,2025-02-01
951,40,11.83,2025-03-01
952,40,11.95,2025-04-01
953,40,12.07,2025-05-01
954,40,12.19,2025-06-01
955,40,12.31,2025-07-01
956,40,12.43,2025-08-01
957,40,12.55,2025-09-01
958,40,12.68,2025-10-01
959,40,12.81,2025-11-01
960,40,12.94,2025-12-01
961,41,22.00,2024-01-01
962,41,22.22,2024-02-01
963,41,25.55,2024-03-01
964,41,25.81,2024-04-01
965,41,26.07,2024-05-01
966,41,26.33,2024-06-01
967,41,26.59,2024-07-01
968,41,26.86,2024-08-01
969,41,27.13,2024-09-01
970,41,27.40,2024-10-01
971,41,27.67,2024-11-01
972,41,27.95,2024-12-01
973,41,28.23,2025-01-01
974,41,28.51,2025-02-01
975,41,32.79,2025-03-01
976,41,33.12,2025-04-01
977,41,33.45,2025-05-01
978,41,33.78,2025-06-01
979,41,34.12,2025-07-01
980,41,34.46,2025-08-01
981,41,34.80,2025-09-01
982,41,35.15,2025-10-01
983,41,35.50,2025-11-01
984,41,35.86,2025-12-01
985,42,60.00,2024-01-01
986,42,60.60,2024-02-01
987,42,69.69,2024-03-01
988,42,70.39,2024-04-01
989,42,71.09,2024-05-01
990,42,71.80,2024-06-01
991,42,72.52,2024-07-01
992,42,73.25,2024-08-01
993,42,73.98,2024-09-01
994,42,74.72,2024-10-01
995,42,75.47,2024-11-01
996,42,76.22,2024-12-01
997,42,76.98,2025-01-01
998,42,77.75,2025-02-01
999,42,89.41,2025-03-01
1000,42,90.30,2025-04-01
1001,42,91.20,2025-05-01
1002,42,92.11,2025-06-01
1003,42,93.03,2025-07-01
1004,42,93.96,2025-08-01
1005,42,94.90,2025-09-01
1006,42,95.85,2025-10-01
1007,42,96.81,2025-11-01
1008,42,97.78,2025-12-01
1009,43,20.00,2024-01-01
1010,43,20.20,2024-02-01
1011,43,23.23,2024-03-01
1012,43,23.46,2024-04-01
1013,43,23.69,2024-05-01
1014,43,23.93,2024-06-01
1015,43,24.17,2024-07-01
1016,43,24.41,2024-08-01
1017,43,24.65,2024-09-01
1018,43,24.90,2024-10-01
1019,43,25.15,2024-11-01
1020,43,25.40,2024-12-01
1021,43,25.65,2025-01-01
1022,43,25.91,2025-02-01
1023,43,29.80,2025-03-01
1024,43,30.10,2025-04-01
1025,43,30.40,2025-05-01
1026,43,30.70,2025-06-01
1027,43,31.01,2025-07-01
1028,43,31.32,2025-08-01
1029,43,31.63,2025-09-01
1030,43,31.95,2025-10-01
1031,43,32.27,2025-11-01
1032,43,32.59,2025-12-01
1033,44,30.00,2024-01-01
1034,44,30.30,2024-02-01
1035,44,34.85,2024-03-01
1036,44,35.20,2024-04-01
1037,44,35.55,2024-05-01
1038,44,35.91,2024-06-01
1039,44,36.27,2024-07-01
1040,44,36.63,2024-08-01
1041,44,37.00,2024-09-01
1042,44,37.37,2024-10-01
1043,44,37.74,2024-11-01
1044,44,38.12,2024-12-01
1045,44,38.50,2025-01-01
1046,44,38.89,2025-02-01
1047,44,44.72,2025-03-01
1048,44,45.17,2025-04-01
1049,44,45.62,2025-05-01
1050,44,46.08,2025-06-01
1051,44,46.54,2025-07-01
1052,44,47.01,2025-08-01
1053,44,47.48,2025-09-01
1054,44,47.95,2025-10-01
1055,44,48.43,2025-11-01
1056,44,48.91,2025-12-01
1057,45,8.00,2024-01-01
1058,45,8.08,2024-02-01
1059,45,9.29,2024-03-01
1060,45,9.38,2024-04-01
1061,45,9.47,2024-05-01
1062,45,9.56,2024-06-01
1063,45,9.66,2024-07-01
1064,45,9.76,2024-08-01
1065,45,9.86,2024-09-01
1066,45,9.96,2024-10-01
1067,45,10.06,2024-11-01
1068,45,10.16,2024-12-01
1069,45,10.26,2025-01-01
1070,45,10.36,2025-02-01
1071,45,11.91,2025-03-01
1072,45,12.03,2025-04-01
1073,45,12.15,2025-05-01
1074,45,12.27,2025-06-01
1075,45,12.39,2025-07-01
1076,45,12.51,2025-08-01
1077,45,12.63,2025-09-01
1078,45,12.75,2025-10-01
1079,45,12.87,2025-11-01
1080,45,12.99,2025-12-01
1081,46,350.00,2024-01-01
1082,46,353.50,2024-02-01
1083,46,406.53,2024-03-01
1084,46,410.60,2024-04-01
1085,46,414.71,2024-05-01
1086,46,418.86,2024-06-01
1087,46,423.05,2024-07-01
1088,46,427.28,2024-08-01
1089,46,431.55,2024-09-01
1090,46,435.87,2024-10-01
1091,46,440.23,2024-11-01
1092,46,444.63,2024-12-01
1093,46,449.08,2025-01-01
1094,46,453.57,2025-02-01
1095,46,521.61,2025-03-01
1096,46,526.83,2025-04-01
1097,46,532.10,2025-05-01
1098,46,537.42,2025-06-01
1099,46,542.79,2025-07-01
1100,46,548.22,2025-08-01
1101,46,553.70,2025-09-01
1102,46,559.24,2025-10-01
1103,46,564.83,2025-11-01
1104,46,570.48,2025-12-01
1105,47,120.00,2024-01-01
1106,47,121.20,2024-02-01
1107,47,139.38,2024-03-01
1108,47,140.77,2024-04-01
1109,47,142.18,2024-05-01
1110,47,143.60,2024-06-01
1111,47,145.04,2024-07-01
1112,47,146.49,2024-08-01
1113,47,147.95,2024-09-01
1114,47,149.43,2024-10-01
1115,47,150.93,2024-11-01
1116,47,152.44,2024-12-01
1117,47,153.96,2025-01-01
1118,47,155.50,2025-02-01
1119,47,178.83,2025-03-01
1120,47,180.62,2025-04-01
1121,47,182.43,2025-05-01
1122,47,184.25,2025-06-01
1123,47,186.09,2025-07-01
1124,47,187.95,2025-08-01
1125,47,189.83,2025-09-01
1126,47,191.73,2025-10-01
1127,47,193.65,2025-11-01
1128,47,195.59,2025-12-01
1129,48,180.00,2024-01-01
1130,48,181.80,2024-02-01
1131,48,209.07,2024-03-01
1132,48,211.16,2024-04-01
1133,48,213.27,2024-05-01
1134,48,215.40,2024-06-01
1135,48,217.55,2024-07-01
1136,48,219.73,2024-08-01
1137,48,221.93,2024-09-01
1138,48,224.15,2024-10-01
1139,48,226.39,2024-11-01
1140,48,228.65,2024-12-01
1141,48,230.94,2025-01-01
1142,48,233.25,2025-02-01
1143,48,268.24,2025-03-01
1144,48,270.92,2025-04-01
1145,48,273.63,2025-05-01
1146,48,276.37,2025-06-01
1147,48,279.13,2025-07-01
1148,48,281.92,2025-08-01
1149,48,284.74,2025-09-01
1150,48,287.59,2025-10-01
1151,48,290.47,2025-11-01
1152,48,293.37,2025-12-01
1153,49,400.00,2024-01-01
1154,49,404.00,2024-02-01
1155,49,464.60,2024-03-01
1156,49,469.25,2024-04-01
1157,49,473.94,2024-05-01
1158,49,478.68,2024-06-01
1159,49,483.47,2024-07-01
1160,49,488.30,2024-08-01
1161,49,493.18,2024-09-01
1162,49,498.11,2024-10-01
1163,49,503.09,2024-11-01
1164,49,508.12,2024-12-01
1165,49,513.20,2025-01-01
1166,49,518.33,2025-02-01
1167,49,596.08,2025-03-01
1168,49,602.04,2025-04-01
1169,49,608.06,2025-05-01
1170,49,614.14,2025-06-01
1171,49,620.28,2025-07-01
1172,49,626.48,2025-08-01
1173,49,632.74,2025-09-01
1174,49,639.07,2025-10-01
1175,49,645.46,2025-11-01
1176,49,651.91,2025-12-01
1177,50,130.00,2024-01-01
1178,50,131.30,2024-02-01
1179,50,151.00,2024-03-01
1180,50,152.51,2024-04-01
1181,50,154.04,2024-05-01
1182,50,155.58,2024-06-01
1183,50,157.14,2024-07-01
1184,50,158.71,2024-08-01
1185,50,160.30,2024-09-01
1186,50,161.90,2024-10-01
1187,50,163.52,2024-11-01
1188,50,165.16,2024-12-01
1189,50,166.81,2025-01-01
1190,50,168.48,2025-02-01
1191,50,193.75,2025-03-01
1192,50,195.69,2025-04-01
1193,50,197.65,2025-05-01
1194,50,199.63,2025-06-01
1195,50,201.63,2025-07-01
1196,50,203.65,2025-08-01
1197,50,205.69,2025-09-01
1198,50,207.75,2025-10-01
1199,50,209.83,2025-11-01
1200,50,211.93,2025-12-01
1201,51,100.00,2024-01-01
1202,51,101.00,2024-02-01
1203,51,116.15,2024-03-01
1204,51,117.31,2024-04-01
1205,51,118.48,2024-05-01
1206,51,119.66,2024-06-01
1207,51,120.86,2024-07-01
1208,51,122.07,2024-08-01
1209,51,123.29,2024-09-01
1210,51,124.52,2024-10-01
1211,51,125.77,2024-11-01
1212,51,127.03,2024-12-01
1213,51,128.30,2025-01-01
1214,51,129.58,2025-02-01
1215,51,149.02,2025-03-01
1216,51,150.51,2025-04-01
1217,51,152.02,2025-05-01
1218,51,153.54,2025-06-01
1219,51,155.08,2025-07-01
1220,51,156.63,2025-08-01
1221,51,158.20,2025-09-01
1222,51,159.78,2025-10-01
1223,51,161.38,2025-11-01
1224,51,162.99,2025-12-01
1225,52,20.00,2024-01-01
1226,52,20.20,2024-02-01
1227,52,23.23,2024-03-01
1228,52,23.46,2024-04-01
1229,52,23.69,2024-05-01
1230,52,23.93,2024-06-01
1231,52,24.17,2024-07-01
1232,52,24.41,2024-08-01
1233,52,24.65,2024-09-01
1234,52,24.90,2024-10-01
1235,52,25.15,2024-11-01
1236,52,25.40,2024-12-01
1237,52,25.65,2025-01-01
1238,52,25.91,2025-02-01
1239,52,29.80,2025-03-01
1240,52,30.10,2025-04-01
1241,52,30.40,2025-05-01
1242,52,30.70,2025-06-01
1243,52,31.01,2025-07-01
1244,52,31.32,2025-08-01
1245,52,31.63,2025-09-01
1246,52,31.95,2025-10-01
1247,52,32.27,2025-11-01
1248,52,32.59,2025-12-01
1249,53,30.00,2024-01-01
1250,53,30.30,2024-02-01
1251,53,34.85,2024-03-01
1252,53,35.20,2024-04-01
1253,53,35.55,2024-05-01
1254,53,35.91,2024-06-01
1255,53,36.27,2024-07-01
1256,53,36.63,2024-08-01
1257,53,37.00,2024-09-01
1258,53,37.37,2024-10-01
1259,53,37.74,2024-11-01
1260,53,38.12,2024-12-01
1261,53,38.50,2025-01-01
1262,53,38.89,2025-02-01
1263,53,44.72,2025-03-01
1264,53,45.17,2025-04-01
1265,53,45.62,2025-05-01
1266,53,46.08,2025-06-01
1267,53,46.54,2025-07-01
1268,53,47.01,2025-08-01
1269,53,47.48,2025-09-01
1270,53,47.95,2025-10-01
1271,53,48.43,2025-11-01
1272,53,48.91,2025-12-01
1273,54,25.00,2024-01-01
1274,54,25.25,2024-02-01
1275,54,29.04,2024-03-01
1276,54,29.33,2024-04-01
1277,54,29.62,2024-05-01
1278,54,29.92,2024-06-01
1279,54,30.22,2024-07-01
1280,54,30.52,2024-08-01
1281,54,30.83,2024-09-01
1282,54,31.14,2024-10-01
1283,54,31.45,2024-11-01
1284,54,31.76,2024-12-01
1285,54,32.08,2025-01-01
1286,54,32.40,2025-02-01
1287,54,37.26,2025-03-01
1288,54,37.63,2025-04-01
1289,54,38.01,2025-05-01
1290,54,38.39,2025-06-01
1291,54,38.77,2025-07-01
1292,54,39.16,2025-08-01
1293,54,39.55,2025-09-01
1294,54,39.95,2025-10-01
1295,54,40.35,2025-11-01
1296,54,40.75,2025-12-01
1297,55,18.00,2024-01-01
1298,55,18.09,2024-02-01
1299,55,20.80,2024-03-01
1300,55,21.01,2024-04-01
1301,55,21.22,2024-05-01
1302,55,21.43,2024-06-01
1303,55,12.86,2024-07-01
1304,55,9.00,2024-08-01
1305,55,14.40,2024-09-01
1306,55,14.54,2024-10-01
1307,55,14.68,2024-11-01
1308,55,14.82,2024-12-01
1309,55,14.96,2025-01-01
1310,55,15.10,2025-02-01
1311,55,17.36,2025-03-01
1312,55,17.53,2025-04-01
1313,55,17.70,2025-05-01
1314,55,17.87,2025-06-01
1315,55,10.72,2025-07-01
1316,55,7.50,2025-08-01
1317,55,12.00,2025-09-01
1318,55,12.12,2025-10-01
1319,55,12.24,2025-11-01
1320,55,12.36,2025-12-01
1321,56,70.00,2024-01-01
1322,56,70.70,2024-02-01
1323,56,81.31,2024-03-01
1324,56,82.12,2024-04-01
1325,56,82.94,2024-05-01
1326,56,83.77,2024-06-01
1327,56,84.61,2024-07-01
1328,56,85.46,2024-08-01
1329,56,86.31,2024-09-01
1330,56,87.17,2024-10-01
1331,56,88.04,2024-11-01
1332,56,88.92,2024-12-01
1333,56,89.81,2025-01-01
1334,56,90.71,2025-02-01
1335,56,104.32,2025-03-01
1336,56,105.36,2025-04-01
1337,56,106.41,2025-05-01
1338,56,107.47,2025-06-01
1339,56,108.54,2025-07-01
1340,56,109.62,2025-08-01
1341,56,110.71,2025-09-01
1342,56,111.82,2025-10-01
1343,56,112.94,2025-11-01
1344,56,114.07,2025-12-01
1345,57,200.00,2024-01-01
1346,57,202.00,2024-02-01
1347,57,232.30,2024-03-01
1348,57,234.62,2024-04-01
1349,57,236.97,2024-05-01
1350,57,239.34,2024-06-01
1351,57,241.73,2024-07-01
1352,57,244.15,2024-08-01
1353,57,246.59,2024-09-01
1354,57,249.06,2024-10-01
1355,57,251.55,2024-11-01
1356,57,254.07,2024-12-01
1357,57,256.61,2025-01-01
1358,57,259.18,2025-02-01
1359,57,298.06,2025-03-01
1360,57,301.04,2025-04-01
1361,57,304.05,2025-05-01
1362,57,307.09,2025-06-01
1363,57,310.16,2025-07-01
1364,57,313.26,2025-08-01
1365,57,316.39,2025-09-01
1366,57,319.55,2025-10-01
1367,57,322.75,2025-11-01
1368,57,325.98,2025-12-01
1369,58,350.00,2024-01-01
1370,58,353.50,2024-02-01
1371,58,406.53,2024-03-01
1372,58,410.60,2024-04-01
1373,58,414.71,2024-05-01
1374,58,418.86,2024-06-01
1375,58,423.05,2024-07-01
1376,58,427.28,2024-08-01
1377,58,431.55,2024-09-01
1378,58,435.87,2024-10-01
1379,58,440.23,2024-11-01
1380,58,444.63,2024-12-01
1381,58,449.08,2025-01-01
1382,58,453.57,2025-02-01
1383,58,521.61,2025-03-01
1384,58,526.83,2025-04-01
1385,58,532.10,2025-05-01
1386,58,537.42,2025-06-01
1387,58,542.79,2025-07-01
1388,58,548.22,2025-08-01
1389,58,553.70,2025-09-01
1390,58,559.24,2025-10-01
1391,58,564.83,2025-11-01
1392,58,570.48,2025-12-01
1393,59,120.00,2024-01-01
1394,59,121.20,2024-02-01
1395,59,139.38,2024-03-01
1396,59,140.77,2024-04-01
1397,59,142.18,2024-05-01
1398,59,143.60,2024-06-01
1399,59,145.04,2024-07-01
1400,59,146.49,2024-08-01
1401,59,147.95,2024-09-01
1402,59,149.43,2024-10-01
1403,59,150.93,2024-11-01
1404,59,152.44,2024-12-01
1405,59,153.96,2025-01-01
1406,59,155.50,2025-02-01
1407,59,178.83,2025-03-01
1408,59,180.62,2025-04-01
1409,59,182.43,2025-05-01
1410,59,184.25,2025-06-01
1411,59,186.09,2025-07-01
1412,59,187.95,2025-08-01
1413,59,189.83,2025-09-01
1414,59,191.73,2025-10-01
1415,59,193.65,2025-11-01
1416,59,195.59,2025-12-01
1417,60,40.00,2024-01-01
1418,60,40.40,2024-02-01
1419,60,46.46,2024-03-01
1420,60,46.92,2024-04-01
1421,60,47.39,2024-05-01
1422,60,47.86,2024-06-01
1423,60,48.34,2024-07-01
1424,60,48.82,2024-08-01
1425,60,49.31,2024-09-01
1426,60,49.80,2024-10-01
1427,60,50.30,2024-11-01
1428,60,50.80,2024-12-01
1429,60,51.31,2025-01-01
1430,60,51.82,2025-02-01
1431,60,59.59,2025-03-01
1432,60,60.19,2025-04-01
1433,60,60.79,2025-05-01
1434,60,61.40,2025-06-01
1435,60,62.01,2025-07-01
1436,60,62.63,2025-08-01
1437,60,63.26,2025-09-01
1438,60,63.89,2025-10-01
1439,60,64.53,2025-11-01
1440,60,65.18,2025-12-01
1441,61,220.00,2024-01-01
1442,61,222.20,2024-02-01
1443,61,255.53,2024-03-01
1444,61,258.09,2024-04-01
1445,61,260.67,2024-05-01
1446,61,263.28,2024-06-01
1447,61,265.91,2024-07-01
1448,61,268.57,2024-08-01
1449,61,271.26,2024-09-01
1450,61,273.97,2024-10-01
1451,61,276.71,2024-11-01
1452,61,279.48,2024-12-01
1453,61,282.27,2025-01-01
1454,61,285.09,2025-02-01
1455,61,327.85,2025-03-01
1456,61,331.13,2025-04-01
1457,61,334.44,2025-05-01
1458,61,337.78,2025-06-01
1459,61,341.16,2025-07-01
1460,61,344.57,2025-08-01
1461,61,348.02,2025-09-01
1462,61,351.50,2025-10-01
1463,61,355.02,2025-11-01
1464,61,358.57,2025-12-01
1465,62,60.00,2024-01-01
1466,62,60.60,2024-02-01
1467,62,69.69,2024-03-01
1468,62,70.39,2024-04-01
1469,62,71.09,2024-05-01
1470,62,71.80,2024-06-01
1471,62,72.52,2024-07-01
1472,62,73.25,2024-08-01
1473,62,73.98,2024-09-01
1474,62,74.72,2024-10-01
1475,62,75.47,2024-11-01
1476,62,76.22,2024-12-01
1477,62,76.98,2025-01-01
1478,62,77.75,2025-02-01
1479,62,89.41,2025-03-01
1480,62,90.30,2025-04-01
1481,62,91.20,2025-05-01
1482,62,92.11,2025-06-01
1483,62,93.03,2025-07-01
1484,62,93.96,2025-08-01
1485,62,94.90,2025-09-01
1486,62,95.85,2025-10-01
1487,62,96.81,2025-11-01
1488,62,97.78,2025-12-01
1489,63,180.00,2024-01-01
1490,63,181.80,2024-02-01
1491,63,209.07,2024-03-01
1492,63,211.16,2024-04-01
1493,63,213.27,2024-05-01
1494,63,215.40,2024-06-01
1495,63,217.55,2024-07-01
1496,63,219.73,2024-08-01
1497,63,221.93,2024-09-01
1498,63,224.15,2024-10-01
1499,63,226.39,2024-11-01
1500,63,228.65,2024-12-01
1501,63,230.94,2025-01-01
1502,63,233.25,2025-02-01
1503,63,268.24,2025-03-01
1504,63,270.92,2025-04-01
1505,63,273.63,2025-05-01
1506,63,276.37,2025-06-01
1507,63,279.13,2025-07-01
1508,63,281.92,2025-08-01
1509,63,284.74,2025-09-01
1510,63,287.59,2025-10-01
1511,63,290.47,2025-11-01
1512,63,293.37,2025-12-01
1513,64,40.00,2024-01-01
1514,64,40.40,2024-02-01
1515,64,46.46,2024-03-01
1516,64,46.92,2024-04-01
1517,64,47.39,2024-05-01
1518,64,47.86,2024-06-01
1519,64,48.34,2024-07-01
1520,64,48.82,2024-08-01
1521,64,49.31,2024-09-01
1522,64,49.80,2024-10-01
1523,64,50.30,2024-11-01
1524,64,50.80,2024-12-01
1525,64,51.31,2025-01-01
1526,64,51.82,2025-02-01
1527,64,59.59,2025-03-01
1528,64,60.19,2025-04-01
1529,64,60.79,2025-05-01
1530,64,61.40,2025-06-01
1531,64,62.01,2025-07-01
1532,64,62.63,2025-08-01
1533,64,63.26,2025-09-01
1534,64,63.89,2025-10-01
1535,64,64.53,2025-11-01
1536,64,65.18,2025-12-01
